,Enhancer,Gene,Log2FC,P-Value
0,chr1_209700000_209750000,HSD11B1-AS1,1.293156713542152,7.514218109691066e-07
1,chr1_209700000_209750000,HSD11B1,1.293156713542152,7.514218109691066e-07
2,chr1_209700000_209750000,ADORA2BP1,1.293156713542152,7.514218109691066e-07
3,chr1_7300000_7350000,CAMTA1,-1.7319440078658757,1.4876796507996968e-13
4,chr1_153050000_153100000,SPRR2A,1.2836380831848724,4.805657096507601e-08
5,chr1_153050000_153100000,SPRR2B,1.2836380831848724,4.805657096507601e-08
6,chr1_153050000_153100000,SPRR2E,1.2836380831848724,4.805657096507601e-08
7,chr1_7050000_7100000,CAMTA1,-1.1237297079286415,1.9863940928372876e-07
8,chr1_7200000_7250000,CAMTA1,-1.5217372998511196,9.210441528856652e-09
9,chr1_7200000_7250000,RNU1-8P,-1.5217372998511196,9.210441528856652e-09
10,chr1_149150000_149200000,RNVU1-24,-2.9363474523854705,1.6549901008356457e-08
11,chr1_149150000_149200000,ENSG00000274265,-2.9363474523854705,1.6549901008356457e-08
12,chr1_149150000_149200000,ENSG00000289614,-2.9363474523854705,1.6549901008356457e-08
13,chr1_149150000_149200000,ENSG00000291233,-2.9363474523854705,1.6549901008356457e-08
14,chr1_149150000_149200000,ENSG00000215861,-2.9363474523854705,1.6549901008356457e-08
15,chr1_166550000_166600000,FMO8P,1.14277209970066,6.55546529961856e-07
16,chr1_166950000_167000000,ILDR2,0.6418398475720992,2.322202099045395e-07
17,chr1_166950000_167000000,MAEL,0.6418398475720992,2.322202099045395e-07
18,chr1_167500000_167550000,CD247,-0.8046226500287599,4.897914275360018e-09
19,chr1_167500000_167550000,AKR1D1P1,-0.8046226500287599,4.897914275360018e-09
20,chr1_167500000_167550000,CREG1,-0.8046226500287599,4.897914275360018e-09
21,chr1_241650000_241700000,OPN3,1.7891746907385435,4.8594826511899826e-08
22,chr1_241650000_241700000,WDR64,1.7891746907385435,4.8594826511899826e-08
23,chr1_244050000_244100000,ZBTB18,-0.7971042455061408,1.0746279040155694e-10
24,chr1_244050000_244100000,ENSG00000279774,-0.7971042455061408,1.0746279040155694e-10
25,chr1_244050000_244100000,ENSG00000229960,-0.7971042455061408,1.0746279040155694e-10
26,chr1_244050000_244100000,ENSG00000286486,-0.7971042455061408,1.0746279040155694e-10
27,chr1_244150000_244200000,ENSG00000287531,-0.9362315314307339,2.5775239700808497e-11
28,chr1_7000000_7050000,CAMTA1,-1.148995008436427,4.021488974919458e-09
29,chr1_7000000_7050000,CAMTA1-AS3,-1.148995008436427,4.021488974919458e-09
30,chr1_7100000_7150000,CAMTA1,-1.3054286311548393,4.4964571922710636e-07
31,chr1_7150000_7200000,CAMTA1,-1.8443701759922306,3.524416876548823e-12
32,chr1_7250000_7300000,CAMTA1,-1.9705543756604444,1.830792234448315e-15
33,chr1_7350000_7400000,CAMTA1,-1.719057685669879,3.6873964863546905e-08
34,chr1_7350000_7400000,CAMTA1-IT1,-1.719057685669879,3.6873964863546905e-08
35,chr1_7350000_7400000,CAMTA1-AS2,-1.719057685669879,3.6873964863546905e-08
36,chr1_7500000_7550000,CAMTA1,-2.232305762999908,2.2790384028876314e-14
37,chr1_152200000_152250000,FLG-AS1,-0.8356616274546222,8.424095226944031e-08
38,chr1_152200000_152250000,CCDST,-0.8356616274546222,8.424095226944031e-08
39,chr1_152200000_152250000,HRNR,-0.8356616274546222,8.424095226944031e-08
40,chr1_154350000_154400000,ATP8B2,-0.7967727782670989,2.4491490777866136e-09
41,chr1_154350000_154400000,ENSG00000237920,-0.7967727782670989,2.4491490777866136e-09
42,chr1_154350000_154400000,RPSAP17,-0.7967727782670989,2.4491490777866136e-09
43,chr1_167000000_167050000,MAEL,0.8623384695009798,3.571526547963615e-08
44,chr1_167000000_167050000,RNA5SP65,0.8623384695009798,3.571526547963615e-08
45,chr1_175050000_175100000,TNN,-0.8699524601491028,3.777860631808019e-12
46,chr1_184350000_184400000,C1orf21-DT,1.2360830038771398,2.4664442314257694e-08
47,chr1_184350000_184400000,C1orf21,1.2360830038771398,2.4664442314257694e-08
48,chr1_184850000_184900000,NIBAN1,1.0240383796200832,7.096284197557131e-07
49,chr1_184950000_185000000,NIBAN1,1.3049389989997866,2.364716687229298e-08
50,chr1_184950000_185000000,LINC01633,1.3049389989997866,2.364716687229298e-08
51,chr1_185800000_185850000,HMCN1,1.0653323819265386,5.652146937196601e-07
52,chr1_186050000_186100000,HMCN1,1.0753189020507072,1.916338259375945e-07
53,chr1_247250000_247300000,VN1R5,-0.9786124136901893,7.119354563727476e-07
54,chr1_247250000_247300000,ENSG00000289566,-0.9786124136901893,7.119354563727476e-07
55,chr1_247250000_247300000,Y_RNA,-0.9786124136901893,7.119354563727476e-07
56,chr1_247250000_247300000,ZNF496,-0.9786124136901893,7.119354563727476e-07
57,chr10_133150000_133200000,KNDC1,-1.792600176762115,5.567334861146708e-09
58,chr10_12950000_13000000,ENSG00000285520,-1.5867776436311576,4.868118942661743e-16
59,chr10_12950000_13000000,CCDC3,-1.5867776436311576,4.868118942661743e-16
60,chr10_30100000_30150000,JCAD,-0.8978143673185957,8.872511702729555e-09
61,chr10_31700000_31750000,MACORIS,-1.111432264492001,3.883907452130664e-08
62,chr10_33150000_33200000,NRP1,-0.8955985884643469,1.2283348548402365e-07
63,chr10_128050000_128100000,PTPRE,-1.4554162360732632,1.4363956158134235e-09
64,chr10_128050000_128100000,MKI67,-1.4554162360732632,1.4363956158134235e-09
65,chr10_132900000_132950000,CFAP46,-1.2675312929320348,1.8171109483066736e-09
66,chr10_132900000_132950000,LINC01166,-1.2675312929320348,1.8171109483066736e-09
67,chr10_133000000_133050000,ENSG00000289633,-1.3854500225005209,2.663396047717139e-09
68,chr10_133000000_133050000,ENSG00000289039,-1.3854500225005209,2.663396047717139e-09
69,chr10_6100000_6150000,RBM17,-1.417167544967882,4.4560438518648816e-13
70,chr10_6100000_6150000,PFKFB3,-1.417167544967882,4.4560438518648816e-13
71,chr10_6100000_6150000,RN7SKP78,-1.417167544967882,4.4560438518648816e-13
72,chr10_12900000_12950000,ENSG00000285520,-1.0742887385469955,1.4834148480004718e-07
73,chr10_12900000_12950000,CCDC3,-1.0742887385469955,1.4834148480004718e-07
74,chr10_12900000_12950000,RNA5SP300,-1.0742887385469955,1.4834148480004718e-07
75,chr10_13000000_13050000,CCDC3,-0.902179284057826,4.9312989217972394e-08
76,chr10_28250000_28300000,MPP7,-0.876501265358064,3.832116508882479e-08
77,chr10_28250000_28300000,ENSG00000286413,-0.876501265358064,3.832116508882479e-08
78,chr10_28250000_28300000,MIR8086,-0.876501265358064,3.832116508882479e-08
79,chr10_88550000_88600000,RNLS,-1.2676572370490087,4.3480575007454774e-07
80,chr10_88550000_88600000,ENSG00000289952,-1.2676572370490087,4.3480575007454774e-07
81,chr10_88550000_88600000,Y_RNA,-1.2676572370490087,4.3480575007454774e-07
82,chr10_88550000_88600000,LIPJ,-1.2676572370490087,4.3480575007454774e-07
83,chr10_132950000_133000000,LINC01166,-1.816955055657061,2.1125474575594735e-16
84,chr10_132950000_133000000,LINC01167,-1.816955055657061,2.1125474575594735e-16
85,chr10_132950000_133000000,LINC01168,-1.816955055657061,2.1125474575594735e-16
86,chr10_133050000_133100000,ADGRA1-AS1,-2.229235243997178,1.4533310597769094e-14
87,chr10_133050000_133100000,ADGRA1,-2.229235243997178,1.4533310597769094e-14
88,chr11_1400000_1450000,BRSK2,-1.4480471298747457,1.389492903605188e-07
89,chr11_44300000_44350000,ALX4,-1.1908242670845093,2.04908176321368e-08
90,chr11_61700000_61750000,DAGLA,-1.5867212409843043,6.049297123014263e-09
91,chr11_61700000_61750000,MYRF-AS1,-1.5867212409843043,6.049297123014263e-09
92,chr11_64350000_64400000,CCDC88B,-1.3074456945121782,5.81079538659344e-07
93,chr11_64350000_64400000,RPS6KA4,-1.3074456945121782,5.81079538659344e-07
94,chr11_64350000_64400000,MIR1237,-1.3074456945121782,5.81079538659344e-07
95,chr11_64350000_64400000,LINC02723,-1.3074456945121782,5.81079538659344e-07
96,chr11_64450000_64500000,LINC02724,-1.0148746524515828,2.008116710481981e-10
97,chr11_64450000_64500000,ENSG00000286816,-1.0148746524515828,2.008116710481981e-10
98,chr11_112450000_112500000,LINC02763,-1.1863488410763101,5.427244945292633e-11
99,chr11_112450000_112500000,RPL23AP62,-1.1863488410763101,5.427244945292633e-11
100,chr11_57600000_57650000,SERPING1,-1.0976261741066795,2.1771582627063006e-11
101,chr11_57600000_57650000,MIR130AHG,-1.0976261741066795,2.1771582627063006e-11
102,chr11_57600000_57650000,MIR130A,-1.0976261741066795,2.1771582627063006e-11
103,chr11_57600000_57650000,YPEL4,-1.0976261741066795,2.1771582627063006e-11
104,chr11_57600000_57650000,CLP1,-1.0976261741066795,2.1771582627063006e-11
105,chr11_60750000_60800000,MS4A15,-0.8221800999818569,1.4007788638699394e-08
106,chr11_60750000_60800000,MS4A10,-0.8221800999818569,1.4007788638699394e-08
107,chr11_61000000_61050000,CD6,-1.519499061082812,5.420295858561723e-07
108,chr11_62300000_62350000,NPM1P35,-0.7797698802886041,2.3426492572907905e-08
109,chr11_62300000_62350000,ENSG00000255118,-0.7797698802886041,2.3426492572907905e-08
110,chr11_62300000_62350000,ASRGL1,-0.7797698802886041,2.3426492572907905e-08
111,chr11_62400000_62450000,SCGB1A1,-1.4683889708263287,3.1065245915665245e-14
112,chr11_62400000_62450000,ENSG00000255446,-1.4683889708263287,3.1065245915665245e-14
113,chr11_62400000_62450000,AHNAK,-1.4683889708263287,3.1065245915665245e-14
114,chr11_64250000_64300000,PLCB3,-1.5677455116192944,1.714984485114967e-08
115,chr11_64250000_64300000,BAD,-1.5677455116192944,1.714984485114967e-08
116,chr11_64250000_64300000,GPR137,-1.5677455116192944,1.714984485114967e-08
117,chr11_64250000_64300000,KCNK4,-1.5677455116192944,1.714984485114967e-08
118,chr11_64250000_64300000,KCNK4-TEX40,-1.5677455116192944,1.714984485114967e-08
119,chr11_64250000_64300000,Y_RNA,-1.5677455116192944,1.714984485114967e-08
120,chr11_64400000_64450000,ENSG00000231492,-1.3436078683482136,9.964194278557045e-13
121,chr11_64400000_64450000,LINC02724,-1.3436078683482136,9.964194278557045e-13
122,chr11_64500000_64550000,ENSG00000232500,-1.1985781639925912,2.9727925829498027e-21
123,chr11_64500000_64550000,ENSG00000237363,-1.1985781639925912,2.9727925829498027e-21
124,chr11_64550000_64600000,SLC22A11,-1.3392776296470021,1.2314642201223045e-15
125,chr11_64550000_64600000,SLC22A12,-1.3392776296470021,1.2314642201223045e-15
126,chr11_112500000_112550000,LINC02763,-1.2592009696477382,1.8929755824176213e-10
127,chr11_112500000_112550000,LINC02764,-1.2592009696477382,1.8929755824176213e-10
128,chr11_125100000_125150000,TMEM218,-1.728073697414387,2.6338470800214144e-10
129,chr11_125100000_125150000,ENSG00000289631,-1.728073697414387,2.6338470800214144e-10
130,chr11_125100000_125150000,KRT18P59,-1.728073697414387,2.6338470800214144e-10
131,chr11_125100000_125150000,ENSG00000255475,-1.728073697414387,2.6338470800214144e-10
132,chr11_134500000_134550000,B3GAT1-DT,-1.5765690283325298,5.193029806846584e-08
133,chr12_4550000_4600000,RAD51AP1,-0.8313886745400715,4.2962683497654933e-07
134,chr12_4550000_4600000,DYRK4,-0.8313886745400715,4.2962683497654933e-07
135,chr12_10050000_10100000,CLEC9A,1.3371795060710132,6.284164942804835e-07
136,chr12_10050000_10100000,CLEC1A,1.3371795060710132,6.284164942804835e-07
137,chr12_10050000_10100000,RN7SKP161,1.3371795060710132,6.284164942804835e-07
138,chr12_1500000_1550000,LINC00942,-0.6557929331128549,6.506565893690612e-09
139,chr12_1500000_1550000,WNT5B,-0.6557929331128549,6.506565893690612e-09
140,chr12_7750000_7800000,CLEC4C,-1.7585356104323207,3.9662434642424777e-16
141,chr12_7750000_7800000,NANOGNB,-1.7585356104323207,3.9662434642424777e-16
142,chr12_7750000_7800000,Y_RNA,-1.7585356104323207,3.9662434642424777e-16
143,chr12_7750000_7800000,NANOG,-1.7585356104323207,3.9662434642424777e-16
144,chr12_13700000_13750000,GRIN2B,1.2383648799443068,8.738631312723371e-11
145,chr12_65800000_65850000,RPSAP52,-0.9531325600669524,2.9789834898747925e-07
146,chr12_65800000_65850000,HMGA2,-0.9531325600669524,2.9789834898747925e-07
147,chr12_65800000_65850000,ENSG00000277945,-0.9531325600669524,2.9789834898747925e-07
148,chr12_94250000_94300000,PLXNC1,-1.7119566297884208,2.317818878908707e-10
149,chr12_94250000_94300000,ENSG00000287237,-1.7119566297884208,2.317818878908707e-10
150,chr12_94250000_94300000,ENSG00000258172,-1.7119566297884208,2.317818878908707e-10
151,chr12_94250000_94300000,ENSG00000258365,-1.7119566297884208,2.317818878908707e-10
152,chr12_131350000_131400000,LINC02370,-1.2549775239901857,2.35710593421531e-08
153,chr12_131350000_131400000,ENSG00000287792,-1.2549775239901857,2.35710593421531e-08
154,chr12_131350000_131400000,ENSG00000256484,-1.2549775239901857,2.35710593421531e-08
155,chr12_132300000_132350000,GALNT9,-1.0862114016924216,2.2270782260739794e-08
156,chr12_132300000_132350000,ENSG00000255916,-1.0862114016924216,2.2270782260739794e-08
157,chr12_132300000_132350000,ENSG00000279113,-1.0862114016924216,2.2270782260739794e-08
158,chr12_132300000_132350000,ENSG00000286008,-1.0862114016924216,2.2270782260739794e-08
159,chr13_106650000_106700000,LINC00551,1.0023932980169814,1.962826554778993e-08
160,chr13_106650000_106700000,LINC00443,1.0023932980169814,1.962826554778993e-08
161,chr13_106650000_106700000,ATP5MC1P5,1.0023932980169814,1.962826554778993e-08
162,chr13_110200000_110250000,COL4A1,-2.1191678248952224,1.49018350732993e-31
163,chr13_110350000_110400000,COL4A2,-2.0314309158491572,8.97387936273198e-29
164,chr13_27950000_28000000,LINC00543,-1.3177919000443237,3.749022729733078e-08
165,chr13_27950000_28000000,CDX2,-1.3177919000443237,3.749022729733078e-08
166,chr13_27950000_28000000,URAD,-1.3177919000443237,3.749022729733078e-08
167,chr13_27950000_28000000,RN7SL272P,-1.3177919000443237,3.749022729733078e-08
168,chr13_28350000_28400000,FLT1,-1.4827190988857424,7.579743492306852e-10
169,chr13_110150000_110200000,COL4A1,-1.721599760696993,3.855822348216156e-23
170,chr13_110250000_110300000,COL4A1,-1.7672460838933963,4.148196428427982e-19
171,chr13_110250000_110300000,ENSG00000279237,-1.7672460838933963,4.148196428427982e-19
172,chr13_110300000_110350000,COL4A1,-1.5709721303381872,1.159038186018319e-22
173,chr13_110300000_110350000,COL4A2,-1.5709721303381872,1.159038186018319e-22
174,chr13_110300000_110350000,MIR8073,-1.5709721303381872,1.159038186018319e-22
175,chr13_110400000_110450000,COL4A2,-1.2300690740459856,4.412516802151261e-08
176,chr13_112650000_112700000,ATP11AUN,-0.9964459719373315,9.401490196338913e-08
177,chr13_112650000_112700000,ENSG00000274922,-0.9964459719373315,9.401490196338913e-08
178,chr13_112650000_112700000,ATP11A,-0.9964459719373315,9.401490196338913e-08
179,chr13_112900000_112950000,MCF2L,-0.7632432913807569,1.1242506737208043e-08
180,chr13_113000000_113050000,MCF2L,-0.980138133950193,7.718067717355184e-12
181,chr13_113000000_113050000,ENSG00000269356,-0.980138133950193,7.718067717355184e-12
182,chr13_113000000_113050000,ENSG00000269376,-0.980138133950193,7.718067717355184e-12
183,chr13_113650000_113700000,ATP4B,-1.2848429912537918,1.7689621815690998e-09
184,chr13_113650000_113700000,GRK1,-1.2848429912537918,1.7689621815690998e-09
185,chr13_113800000_113850000,TMEM255B,-1.0821663318869184,1.1255677516719512e-08
186,chr13_113800000_113850000,GAS6-AS1,-1.0821663318869184,1.1255677516719512e-08
187,chr13_113800000_113850000,GAS6,-1.0821663318869184,1.1255677516719512e-08
188,chr14_18650000_18700000,ENSG00000257644,-2.5637506875938927,6.07214613408e-07
189,chr14_18650000_18700000,ENSG00000257558,-2.5637506875938927,6.07214613408e-07
190,chr14_18650000_18700000,RPL22P20,-2.5637506875938927,6.07214613408e-07
191,chr14_18650000_18700000,ENSG00000257635,-2.5637506875938927,6.07214613408e-07
192,chr14_23750000_23800000,BRD7P1,-1.677375888100733,1.1573985090579713e-10
193,chr14_23750000_23800000,ENSG00000270618,-1.677375888100733,1.1573985090579713e-10
194,chr14_23750000_23800000,RN7SKP205,-1.677375888100733,1.1573985090579713e-10
195,chr14_56800000_56850000,OTX2,-1.0156190237962412,6.574122963783359e-08
196,chr14_56800000_56850000,OTX2-AS1,-1.0156190237962412,6.574122963783359e-08
197,chr14_56800000_56850000,ENSG00000258776,-1.0156190237962412,6.574122963783359e-08
198,chr14_56800000_56850000,RN7SL461P,-1.0156190237962412,6.574122963783359e-08
199,chr14_56800000_56850000,RNU6-1204P,-1.0156190237962412,6.574122963783359e-08
200,chr14_104250000_104300000,LINC02691,-1.2813050433143904,5.55942202266296e-07
201,chr14_104250000_104300000,ENSG00000288459,-1.2813050433143904,5.55942202266296e-07
202,chr15_45350000_45400000,RNU6-953P,-1.3650124559608796,1.610379463321408e-07
203,chr15_45350000_45400000,GATM,-1.3650124559608796,1.610379463321408e-07
204,chr15_45350000_45400000,ENSG00000275672,-1.3650124559608796,1.610379463321408e-07
205,chr15_62250000_62300000,ENSG00000166104,-1.8455560529633703,1.407486764530064e-09
206,chr15_62250000_62300000,GOLGA2P11,-1.8455560529633703,1.407486764530064e-09
207,chr15_62250000_62300000,ENSG00000260375,-1.8455560529633703,1.407486764530064e-09
208,chr15_62250000_62300000,ENSG00000291257,-1.8455560529633703,1.407486764530064e-09
209,chr15_62250000_62300000,ENSG00000291227,-1.8455560529633703,1.407486764530064e-09
210,chr15_62250000_62300000,ENSG00000261296,-1.8455560529633703,1.407486764530064e-09
211,chr15_62250000_62300000,ENSG00000260957,-1.8455560529633703,1.407486764530064e-09
212,chr15_62350000_62400000,HMGN1P26,-1.8648555632676853,2.5815130048206645e-12
213,chr15_62350000_62400000,ENSG00000274340,-1.8648555632676853,2.5815130048206645e-12
214,chr15_62350000_62400000,TLN2,-1.8648555632676853,2.5815130048206645e-12
215,chr15_98400000_98450000,LINC02351,-1.4716792441587179,2.2360519154250122e-08
216,chr15_98400000_98450000,FAM169BP,-1.4716792441587179,2.2360519154250122e-08
217,chr15_62200000_62250000,ENSG00000259697,-1.8135718071558835,6.287188723502313e-09
218,chr15_62200000_62250000,ENSG00000291297,-1.8135718071558835,6.287188723502313e-09
219,chr15_62200000_62250000,ENSG00000259878,-1.8135718071558835,6.287188723502313e-09
220,chr15_62200000_62250000,ENSG00000166104,-1.8135718071558835,6.287188723502313e-09
221,chr15_62200000_62250000,Metazoa_SRP,-1.8135718071558835,6.287188723502313e-09
222,chr15_62200000_62250000,ENSG00000291020,-1.8135718071558835,6.287188723502313e-09
223,chr15_76300000_76350000,ETFA,-1.3097989290970988,2.5908582982971544e-08
224,chr15_76300000_76350000,ISL2,-1.3097989290970988,2.5908582982971544e-08
225,chr15_76300000_76350000,ENSG00000259514,-1.3097989290970988,2.5908582982971544e-08
226,chr15_76300000_76350000,ENSG00000270036,-1.3097989290970988,2.5908582982971544e-08
227,chr15_76300000_76350000,SCAPER,-1.3097989290970988,2.5908582982971544e-08
228,chr16_10450000_10500000,ATF7IP2,-3.214594468692304,1.7407831780211836e-11
229,chr16_10450000_10500000,RNU6-633P,-3.214594468692304,1.7407831780211836e-11
230,chr16_89100000_89150000,ACSF3,-1.4275773013688087,2.4810383604387644e-12
231,chr16_89100000_89150000,ENSG00000261546,-1.4275773013688087,2.4810383604387644e-12
232,chr16_250000_300000,FAM234A,-1.747269567550098,8.899784890748376e-09
233,chr16_250000_300000,RGS11,-1.747269567550098,8.899784890748376e-09
234,chr16_250000_300000,ENSG00000286901,-1.747269567550098,8.899784890748376e-09
235,chr16_250000_300000,ARHGDIG,-1.747269567550098,8.899784890748376e-09
236,chr16_250000_300000,PDIA2,-1.747269567550098,8.899784890748376e-09
237,chr16_250000_300000,AXIN1,-1.747269567550098,8.899784890748376e-09
238,chr16_350000_400000,AXIN1,-1.8834774537197283,5.01326218865549e-07
239,chr16_350000_400000,MRPL28,-1.8834774537197283,5.01326218865549e-07
240,chr16_350000_400000,PGAP6,-1.8834774537197283,5.01326218865549e-07
241,chr16_350000_400000,ENSG00000236829,-1.8834774537197283,5.01326218865549e-07
242,chr16_350000_400000,NME4,-1.8834774537197283,5.01326218865549e-07
243,chr16_2750000_2800000,SRRM2-AS1,-1.554706029527382,4.278280262570813e-07
244,chr16_2750000_2800000,SRRM2,-1.554706029527382,4.278280262570813e-07
245,chr16_2750000_2800000,ELOB,-1.554706029527382,4.278280262570813e-07
246,chr16_2750000_2800000,ENSG00000276791,-1.554706029527382,4.278280262570813e-07
247,chr16_2750000_2800000,PRSS33,-1.554706029527382,4.278280262570813e-07
248,chr16_2750000_2800000,SNORA3C,-1.554706029527382,4.278280262570813e-07
249,chr16_2750000_2800000,PRSS41,-1.554706029527382,4.278280262570813e-07
250,chr16_48100000_48150000,ABCC12,-1.0076830054432018,1.7425389482424188e-08
251,chr16_72050000_72100000,TXNL4B,-1.3693896588028949,1.7976772030118867e-08
252,chr16_72050000_72100000,HP,-1.3693896588028949,1.7976772030118867e-08
253,chr16_72050000_72100000,HPR,-1.3693896588028949,1.7976772030118867e-08
254,chr16_72050000_72100000,ENSG00000260252,-1.3693896588028949,1.7976772030118867e-08
255,chr16_72050000_72100000,DHX38,-1.3693896588028949,1.7976772030118867e-08
256,chr16_87550000_87600000,ENSG00000260750,-0.899726235993688,1.403788834753052e-07
257,chr16_17450000_17500000,XYLT1,-1.6248101554654595,1.3513612974020029e-08
258,chr16_17450000_17500000,ENSG00000285850,-1.6248101554654595,1.3513612974020029e-08
259,chr16_86950000_87000000,ENSG00000287161,-0.754929752044182,5.148400807049028e-07
260,chr17_62900000_62950000,ENSG00000283538,-1.142858681816465,1.1385276521816742e-18
261,chr17_62900000_62950000,MIR633,-1.142858681816465,1.1385276521816742e-18
262,chr17_3650000_3700000,CTNS,-2.2698655022055036,9.548690652320607e-08
263,chr17_3650000_3700000,CTNS-AS1,-2.2698655022055036,9.548690652320607e-08
264,chr17_3650000_3700000,TAX1BP3,-2.2698655022055036,9.548690652320607e-08
265,chr17_3650000_3700000,P2RX5-TAX1BP3,-2.2698655022055036,9.548690652320607e-08
266,chr17_3650000_3700000,RPL21P125,-2.2698655022055036,9.548690652320607e-08
267,chr17_3650000_3700000,EMC6,-2.2698655022055036,9.548690652320607e-08
268,chr17_3650000_3700000,P2RX5,-2.2698655022055036,9.548690652320607e-08
269,chr17_7050000_7100000,ENSG00000262067,-0.8276066880934939,4.039162636144483e-07
270,chr17_7050000_7100000,CLEC10A,-0.8276066880934939,4.039162636144483e-07
271,chr17_56350000_56400000,ANKFN1,-0.8714402068981976,4.3963437704645344e-08
272,chr17_56350000_56400000,ENSG00000261882,-0.8714402068981976,4.3963437704645344e-08
273,chr17_56750000_56800000,C17orf67,-0.569010183253007,2.3167609771524345e-09
274,chr17_56850000_56900000,DGKE,-1.2756644536650619,8.247184730983932e-08
275,chr17_56850000_56900000,TRIM25,-1.2756644536650619,8.247184730983932e-08
276,chr17_56850000_56900000,RNU6-1158P,-1.2756644536650619,8.247184730983932e-08
277,chr17_56850000_56900000,ENSG00000262408,-1.2756644536650619,8.247184730983932e-08
278,chr17_56850000_56900000,ENSG00000262112,-1.2756644536650619,8.247184730983932e-08
279,chr17_56850000_56900000,MIR3614,-1.2756644536650619,8.247184730983932e-08
280,chr17_57800000_57850000,ENSG00000265542,-0.8946372649333413,1.8946083814277593e-07
281,chr17_57800000_57850000,MRPS23,-0.8946372649333413,1.8946083814277593e-07
282,chr17_62350000_62400000,EFCAB3,-0.9494136613543019,7.947366622027817e-15
283,chr17_62350000_62400000,ENSG00000239809,-0.9494136613543019,7.947366622027817e-15
284,chr17_62350000_62400000,RNU7-52P,-0.9494136613543019,7.947366622027817e-15
285,chr17_62350000_62400000,RPS23P7,-0.9494136613543019,7.947366622027817e-15
286,chr17_62650000_62700000,MRC2,-0.998564978920125,1.583403896106596e-08
287,chr17_62650000_62700000,Y_RNA,-0.998564978920125,1.583403896106596e-08
288,chr17_62650000_62700000,ENSG00000279713,-0.998564978920125,1.583403896106596e-08
289,chr17_62650000_62700000,RNU6-446P,-0.998564978920125,1.583403896106596e-08
290,chr17_62650000_62700000,ENSG00000265702,-0.998564978920125,1.583403896106596e-08
291,chr17_62750000_62800000,ENSG00000265702,-0.938853630684667,1.1127658522742115e-13
292,chr17_62750000_62800000,MARCHF10,-0.938853630684667,1.1127658522742115e-13
293,chr17_62750000_62800000,ENSG00000287457,-0.938853630684667,1.1127658522742115e-13
294,chr17_66150000_66200000,CEP112,-1.2765092903228241,2.0595107290859304e-11
295,chr17_66150000_66200000,PSMD7P1,-1.2765092903228241,2.0595107290859304e-11
296,chr17_66800000_66850000,PRKCA,-0.8924857986747228,1.0168709469736711e-07
297,chr17_66800000_66850000,CACNG5,-0.8924857986747228,1.0168709469736711e-07
298,chr17_68550000_68600000,PRKAR1A,-1.1740738625350549,6.488149817299695e-11
299,chr17_68550000_68600000,FAM20A,-1.1740738625350549,6.488149817299695e-11
300,chr17_68550000_68600000,ENSG00000267461,-1.1740738625350549,6.488149817299695e-11
301,chr17_68550000_68600000,LINC01482,-1.1740738625350549,6.488149817299695e-11
302,chr17_7100000_7150000,ASGR2,-1.135709292349058,5.4034635264249815e-08
303,chr17_7100000_7150000,ENSG00000289977,-1.135709292349058,5.4034635264249815e-08
304,chr17_7100000_7150000,RPL7AP64,-1.135709292349058,5.4034635264249815e-08
305,chr17_34550000_34600000,TMEM132E-DT,-1.1898695935540433,4.2499716286453644e-08
306,chr17_34550000_34600000,TMEM132E,-1.1898695935540433,4.2499716286453644e-08
307,chr17_56550000_56600000,RPL39P33,-0.6699030572435387,3.350968332645997e-08
308,chr17_56550000_56600000,NOG,-0.6699030572435387,3.350968332645997e-08
309,chr17_57750000_57800000,ENSG00000265542,-0.6591167333861819,2.926135338110384e-10
310,chr17_57750000_57800000,RN7SKP94,-0.6591167333861819,2.926135338110384e-10
311,chr17_61400000_61450000,ENSG00000267131,-1.191219382712223,1.9556885191251183e-09
312,chr17_61400000_61450000,TBX2-AS1,-1.191219382712223,1.9556885191251183e-09
313,chr17_61400000_61450000,TBX2,-1.191219382712223,1.9556885191251183e-09
314,chr17_61400000_61450000,LINC02875,-1.191219382712223,1.9556885191251183e-09
315,chr17_62700000_62750000,ENSG00000265702,-1.278944403097731,6.928856171278579e-23
316,chr17_62700000_62750000,MARCHF10,-1.278944403097731,6.928856171278579e-23
317,chr17_62800000_62850000,MARCHF10,-1.4459673655884457,1.2803771615168779e-24
318,chr17_62800000_62850000,MARCHF10-DT,-1.4459673655884457,1.2803771615168779e-24
319,chr17_62800000_62850000,PRELID3BP3,-1.4459673655884457,1.2803771615168779e-24
320,chr17_65200000_65250000,RGS9,-0.8933103049943,7.563479152330607e-09
321,chr17_66200000_66250000,APOH,-1.7237197643085047,1.4959635405633259e-19
322,chr17_66250000_66300000,APOH,-1.4818991128451648,1.517052406210545e-14
323,chr17_66250000_66300000,RNA5SP444,-1.4818991128451648,1.517052406210545e-14
324,chr17_66250000_66300000,ENSG00000284242,-1.4818991128451648,1.517052406210545e-14
325,chr17_66850000_66900000,CACNG5,-0.9048202251718149,1.2180451824099838e-08
326,chr17_66850000_66900000,RNA5SP446,-0.9048202251718149,1.2180451824099838e-08
327,chr17_79750000_79800000,CBX2,-1.5049065901918908,2.0863868546202448e-11
328,chr17_79750000_79800000,CBX8,-1.5049065901918908,2.0863868546202448e-11
329,chr18_100000_150000,ROCK1P1,4.312522945127284,7.002890646074461e-54
330,chr18_100000_150000,MIR8078,4.312522945127284,7.002890646074461e-54
331,chr18_100000_150000,ROCK1P1,4.312522945127284,7.002890646074461e-54
332,chr18_250000_300000,THOC1,3.2479166640140686,1.3221488576434375e-66
333,chr18_250000_300000,THOC1-DT,3.2479166640140686,1.3221488576434375e-66
334,chr18_350000_400000,COLEC12,3.3585163976474974,2.1804748949488976e-91
335,chr18_500000_550000,COLEC12,2.117217346760251,2.302718229404915e-31
336,chr18_500000_550000,LINC01925,2.117217346760251,2.302718229404915e-31
337,chr18_650000_700000,CLUL1,3.5747039677390857,1.7282025804650188e-10
338,chr18_650000_700000,TYMSOS,3.5747039677390857,1.7282025804650188e-10
339,chr18_650000_700000,ENSG00000266456,3.5747039677390857,1.7282025804650188e-10
340,chr18_650000_700000,ENSG00000263727,3.5747039677390857,1.7282025804650188e-10
341,chr18_650000_700000,TYMS,3.5747039677390857,1.7282025804650188e-10
342,chr18_650000_700000,ENOSF1,3.5747039677390857,1.7282025804650188e-10
343,chr18_750000_800000,YES1,4.814157512048576,5.457382814802342e-12
344,chr18_750000_800000,RNU1-109P,4.814157512048576,5.457382814802342e-12
345,chr18_900000_950000,ENSG00000265671,1.4002828475334408,8.833754896565318e-10
346,chr18_900000_950000,ENSG00000265179,1.4002828475334408,8.833754896565318e-10
347,chr18_900000_950000,ADCYAP1,1.4002828475334408,8.833754896565318e-10
348,chr18_900000_950000,LINC01904,1.4002828475334408,8.833754896565318e-10
349,chr18_3650000_3700000,DLGAP1,1.9062898047296755,8.148375591162924e-08
350,chr18_3650000_3700000,ENSG00000266401,1.9062898047296755,8.148375591162924e-08
351,chr18_3800000_3850000,DLGAP1,1.6608592899360388,2.8082346260940644e-16
352,chr18_4450000_4500000,DLGAP1,1.4848602396723551,2.372843491607134e-07
353,chr18_4450000_4500000,ELOCP27,1.4848602396723551,2.372843491607134e-07
354,chr18_77050000_77100000,MBP,-3.1051133514532605,1.3136475348127988e-17
355,chr18_77050000_77100000,ENSG00000275178,-3.1051133514532605,1.3136475348127988e-17
356,chr18_50000_100000,TUBB8B,2.4950263973908235,1.441300579796574e-15
357,chr18_50000_100000,IL9RP4,2.4950263973908235,1.441300579796574e-15
358,chr18_50000_100000,ENSG00000274446,2.4950263973908235,1.441300579796574e-15
359,chr18_150000_200000,USP14,3.3330706577136997,1.0499291644283836e-23
360,chr18_200000_250000,USP14,3.318091002486409,1.2630900338090114e-07
361,chr18_200000_250000,THOC1,3.318091002486409,1.2630900338090114e-07
362,chr18_300000_350000,ENSG00000264514,2.863990314710764,1.2344986626674484e-113
363,chr18_300000_350000,COLEC12,2.863990314710764,1.2344986626674484e-113
364,chr18_400000_450000,COLEC12,2.909344753606655,4.027380473981532e-42
365,chr18_400000_450000,ENSG00000265477,2.909344753606655,4.027380473981532e-42
366,chr18_450000_500000,COLEC12,2.0653119331111016,4.843832267772808e-44
367,chr18_550000_600000,CETN1,2.674230500747758,3.280490200742565e-70
368,chr18_550000_600000,RN7SKP146,2.674230500747758,3.280490200742565e-70
369,chr18_550000_600000,CLUL1,2.674230500747758,3.280490200742565e-70
370,chr18_600000_650000,CLUL1,3.0754487591284256,7.308558370741609e-110
371,chr18_600000_650000,ENSG00000288533,3.0754487591284256,7.308558370741609e-110
372,chr18_600000_650000,TYMSOS,3.0754487591284256,7.308558370741609e-110
373,chr18_700000_750000,ENOSF1,3.0818404690183288,9.382257625141668e-13
374,chr18_700000_750000,ENSG00000265490,3.0818404690183288,9.382257625141668e-13
375,chr18_700000_750000,YES1,3.0818404690183288,9.382257625141668e-13
376,chr18_700000_750000,ENSG00000266171,3.0818404690183288,9.382257625141668e-13
377,chr18_700000_750000,ENSG00000264339,3.0818404690183288,9.382257625141668e-13
378,chr18_700000_750000,ENSG00000264635,3.0818404690183288,9.382257625141668e-13
379,chr18_800000_850000,YES1,5.016768845069708,1.0540986565664727e-55
380,chr18_800000_850000,ENSG00000273355,5.016768845069708,1.0540986565664727e-55
381,chr18_800000_850000,BOLA2P1,5.016768845069708,1.0540986565664727e-55
382,chr18_850000_900000,ENSG00000264179,3.365192814459547,1.7898168446895443e-47
383,chr18_850000_900000,ENSG00000265671,3.365192814459547,1.7898168446895443e-47
384,chr18_1050000_1100000,ENSG00000263551,1.6316974005434188,1.1176345396160822e-07
385,chr18_3700000_3750000,DLGAP1,1.6484963032536797,1.9643947216719826e-24
386,chr18_3750000_3800000,DLGAP1,1.2035803358414126,9.503850400597713e-12
387,chr18_3750000_3800000,ENSG00000266513,1.2035803358414126,9.503850400597713e-12
388,chr18_3950000_4000000,DLGAP1,1.4447741237694143,6.88871522477917e-09
389,chr18_3950000_4000000,DLGAP1-AS4,1.4447741237694143,6.88871522477917e-09
390,chr18_3950000_4000000,GAPDHP66,1.4447741237694143,6.88871522477917e-09
391,chr18_4000000_4050000,DLGAP1,1.7166424952287274,2.2276007613805602e-13
392,chr18_4000000_4050000,DLGAP1-AS4,1.7166424952287274,2.2276007613805602e-13
393,chr18_4350000_4400000,DLGAP1,1.8216756584744067,7.013283367160846e-09
394,chr18_25300000_25350000,ZNF521,2.2435898933876612,5.868309121364067e-07
395,chr18_25300000_25350000,ENSG00000264434,2.2435898933876612,5.868309121364067e-07
396,chr18_36650000_36700000,FHOD3,2.3327924770787885,6.142211845265758e-07
397,chr18_77000000_77050000,MBP,-2.7054740638607204,2.4756034879830004e-27
398,chr18_77000000_77050000,ENSG00000279811,-2.7054740638607204,2.4756034879830004e-27
399,chr18_77000000_77050000,ENSG00000287680,-2.7054740638607204,2.4756034879830004e-27
400,chr19_29750000_29800000,ENSG00000286867,-0.2838220471314349,1.7265761570628352e-08
401,chr19_35500000_35550000,DMKN,-1.2767619055873878,2.923295930972207e-13
402,chr19_35500000_35550000,SBSN,-1.2767619055873878,2.923295930972207e-13
403,chr19_35500000_35550000,GAPDHS,-1.2767619055873878,2.923295930972207e-13
404,chr19_35500000_35550000,TMEM147-AS1,-1.2767619055873878,2.923295930972207e-13
405,chr19_35500000_35550000,TMEM147,-1.2767619055873878,2.923295930972207e-13
406,chr19_400000_450000,C2CD4C,-1.060670263525735,2.292426874073913e-07
407,chr19_400000_450000,SHC2,-1.060670263525735,2.292426874073913e-07
408,chr19_46450000_46500000,PNMA8A,-1.239149481524087,2.4441000748284874e-08
409,chr19_46450000_46500000,PPP5D1P,-1.239149481524087,2.4441000748284874e-08
410,chr19_46450000_46500000,PNMA8B,-1.239149481524087,2.4441000748284874e-08
411,chr19_46450000_46500000,ENSG00000204850,-1.239149481524087,2.4441000748284874e-08
412,chr2_176150000_176200000,HOXD3,-1.8589754228411832,4.438686654094535e-28
413,chr2_176150000_176200000,MIR10B,-1.8589754228411832,4.438686654094535e-28
414,chr2_176150000_176200000,HOXD4,-1.8589754228411832,4.438686654094535e-28
415,chr2_176150000_176200000,HAGLR,-1.8589754228411832,4.438686654094535e-28
416,chr2_176150000_176200000,ENSG00000272729,-1.8589754228411832,4.438686654094535e-28
417,chr2_176150000_176200000,HAGLROS,-1.8589754228411832,4.438686654094535e-28
418,chr2_176150000_176200000,HOXD1,-1.8589754228411832,4.438686654094535e-28
419,chr2_176150000_176200000,MIR7704,-1.8589754228411832,4.438686654094535e-28
420,chr2_176150000_176200000,ENSG00000279160,-1.8589754228411832,4.438686654094535e-28
421,chr2_3100000_3150000,LINC01250,-1.2136048017516425,4.189850324207164e-12
422,chr2_3100000_3150000,ENSG00000236760,-1.2136048017516425,4.189850324207164e-12
423,chr2_10050000_10100000,KLF11,-1.0417906345272778,6.24783741574918e-08
424,chr2_10050000_10100000,ENSG00000271787,-1.0417906345272778,6.24783741574918e-08
425,chr2_10050000_10100000,CYS1,-1.0417906345272778,6.24783741574918e-08
426,chr2_10050000_10100000,ENSG00000233502,-1.0417906345272778,6.24783741574918e-08
427,chr2_10050000_10100000,ENSG00000212558,-1.0417906345272778,6.24783741574918e-08
428,chr2_30100000_30150000,ENSG00000233862,-0.9768727331899996,8.561723694969404e-10
429,chr2_30100000_30150000,YPEL5,-0.9768727331899996,8.561723694969404e-10
430,chr2_68250000_68300000,ENSG00000273398,1.4643516190772075,3.084021490741824e-07
431,chr2_68250000_68300000,PPP3R1,1.4643516190772075,3.084021490741824e-07
432,chr2_68250000_68300000,ENSG00000289156,1.4643516190772075,3.084021490741824e-07
433,chr2_68250000_68300000,ENSG00000273064,1.4643516190772075,3.084021490741824e-07
434,chr2_68250000_68300000,CNRIP1,1.4643516190772075,3.084021490741824e-07
435,chr2_85700000_85750000,RNU1-38P,-0.9553294083613373,2.3598145885713693e-08
436,chr2_118050000_118100000,ENSG00000235066,2.7436896867413694,2.227194653978854e-09
437,chr2_118050000_118100000,INSIG2,2.7436896867413694,2.227194653978854e-09
438,chr2_174700000_174750000,ENSG00000236449,-1.2108088231206826,4.203794537818954e-07
439,chr2_174700000_174750000,ENSG00000290018,-1.2108088231206826,4.203794537818954e-07
440,chr2_174700000_174750000,H3P6,-1.2108088231206826,4.203794537818954e-07
441,chr2_174700000_174750000,CHRNA1,-1.2108088231206826,4.203794537818954e-07
442,chr2_177050000_177100000,ENSG00000236501,-1.184859756100729,6.899260083105929e-08
443,chr2_177700000_177750000,PDE11A,-1.1777810451245732,6.003510206032969e-08
444,chr2_177700000_177750000,PDE11A-AS1,-1.1777810451245732,6.003510206032969e-08
445,chr2_178750000_178800000,TTN-AS1,-1.0405932962971731,7.220657301061705e-08
446,chr2_178750000_178800000,TTN,-1.0405932962971731,7.220657301061705e-08
447,chr2_181650000_181700000,CERKL,-1.0030226928383335,1.274117804898378e-07
448,chr2_181650000_181700000,NEUROD1,-1.0030226928383335,1.274117804898378e-07
449,chr2_181650000_181700000,ENSG00000234595,-1.0030226928383335,1.274117804898378e-07
450,chr2_181650000_181700000,ENSG00000225570,-1.0030226928383335,1.274117804898378e-07
451,chr2_181650000_181700000,SAP18P2,-1.0030226928383335,1.274117804898378e-07
452,chr2_197350000_197400000,NPM1P46,-1.960022100250575,2.6707427286056045e-08
453,chr2_197350000_197400000,SF3B1,-1.960022100250575,2.6707427286056045e-08
454,chr2_200000000_200050000,MAIP1,-1.848993677674253,7.715200807782332e-10
455,chr2_400000_450000,ENSG00000236856,-0.9246040556843009,6.038517043526429e-07
456,chr2_400000_450000,ENSG00000226277,-0.9246040556843009,6.038517043526429e-07
457,chr2_3600000_3650000,COLEC11,-2.3610207453209067,4.0103923814678854e-19
458,chr2_3600000_3650000,ENSG00000237370,-2.3610207453209067,4.0103923814678854e-19
459,chr2_3600000_3650000,TMSB4XP2,-2.3610207453209067,4.0103923814678854e-19
460,chr2_6750000_6800000,LINC00487,-1.7132271314879028,9.632320585080773e-15
461,chr2_12000000_12050000,MIR3681HG,-1.0223197949617178,5.175873877369759e-08
462,chr2_12000000_12050000,SNORD18,-1.0223197949617178,5.175873877369759e-08
463,chr2_23350000_23400000,ENSG00000233714,-0.8242956269329573,7.24263314762916e-07
464,chr2_23350000_23400000,ENSG00000223634,-0.8242956269329573,7.24263314762916e-07
465,chr2_23350000_23400000,LINC02923,-0.8242956269329573,7.24263314762916e-07
466,chr2_23350000_23400000,KLHL29,-0.8242956269329573,7.24263314762916e-07
467,chr2_23400000_23450000,KLHL29,-1.4400403081233344,1.641776326204801e-10
468,chr2_25100000_25150000,EFR3B,-1.0148743567123433,3.36879087657551e-11
469,chr2_73300000_73350000,ENSG00000287435,-0.9691825509150619,1.315046010637421e-07
470,chr2_85750000_85800000,ATOH8,-1.0749590764288606,6.135502246840893e-10
471,chr2_85750000_85800000,MIR6071,-1.0749590764288606,6.135502246840893e-10
472,chr2_85900000_85950000,ST3GAL5,-1.0389562341407788,7.565803788189364e-07
473,chr2_85900000_85950000,ENSG00000272564,-1.0389562341407788,7.565803788189364e-07
474,chr2_85900000_85950000,ENSG00000287628,-1.0389562341407788,7.565803788189364e-07
475,chr2_170800000_170850000,ERICH2-DT,-1.7811156733991758,3.507015373211045e-30
476,chr2_170800000_170850000,GAD1,-1.7811156733991758,3.507015373211045e-30
477,chr2_170800000_170850000,ENSG00000235934,-1.7811156733991758,3.507015373211045e-30
478,chr2_170800000_170850000,ENSG00000286611,-1.7811156733991758,3.507015373211045e-30
479,chr2_170850000_170900000,GAD1,-1.620679584169056,8.535195376574114e-11
480,chr2_170850000_170900000,ENSG00000286115,-1.620679584169056,8.535195376574114e-11
481,chr2_170950000_171000000,GORASP2,-1.9603878853300267,7.088477965340396e-07
482,chr2_170950000_171000000,TLK1,-1.9603878853300267,7.088477965340396e-07
483,chr2_172150000_172200000,ENSG00000232555,-1.2663408959649165,3.0647817813634974e-07
484,chr2_172400000_172450000,ENSG00000278924,-1.805647667967084,2.5824345858182115e-08
485,chr2_172400000_172450000,ITGA6,-1.805647667967084,2.5824345858182115e-08
486,chr2_172400000_172450000,ENSG00000226963,-1.805647667967084,2.5824345858182115e-08
487,chr2_173350000_173400000,ENSG00000236391,-1.390857975633743,6.269409095150405e-07
488,chr2_173350000_173400000,CDCA7,-1.390857975633743,6.269409095150405e-07
489,chr2_173850000_173900000,RPL5P7,-1.7194480648202668,3.664861376603114e-07
490,chr2_173850000_173900000,SP3,-1.7194480648202668,3.664861376603114e-07
491,chr2_174650000_174700000,ENSG00000236449,-1.241772611067823,1.107976204296094e-07
492,chr2_174650000_174700000,WIPF1,-1.241772611067823,1.107976204296094e-07
493,chr2_174800000_174850000,CHN1,-2.1704409671916647,2.2115247381922773e-07
494,chr2_176050000_176100000,EVX2,-1.2083323501045298,3.035828743973882e-07
495,chr2_176050000_176100000,HOXD13,-1.2083323501045298,3.035828743973882e-07
496,chr2_176050000_176100000,HOXD12,-1.2083323501045298,3.035828743973882e-07
497,chr2_176100000_176150000,HOXD12,-1.3416292998589534,2.2889346696857573e-10
498,chr2_176100000_176150000,HOXD11,-1.3416292998589534,2.2889346696857573e-10
499,chr2_176100000_176150000,HOXD10,-1.3416292998589534,2.2889346696857573e-10
500,chr2_176100000_176150000,HOXD-AS2,-1.3416292998589534,2.2889346696857573e-10
501,chr2_176100000_176150000,HOXD9,-1.3416292998589534,2.2889346696857573e-10
502,chr2_176100000_176150000,HOXD8,-1.3416292998589534,2.2889346696857573e-10
503,chr2_176100000_176150000,HOXD3,-1.3416292998589534,2.2889346696857573e-10
504,chr2_176200000_176250000,ENSG00000218175,-1.7701851639000994,3.359799753520598e-21
505,chr2_176200000_176250000,RPSAP25,-1.7701851639000994,3.359799753520598e-21
506,chr2_176450000_176500000,LINC01117,-1.141933038937303,1.991370869768139e-10
507,chr2_178550000_178600000,TTN-AS1,-2.645274149517033,1.2556708271627257e-33
508,chr2_178550000_178600000,TTN,-2.645274149517033,1.2556708271627257e-33
509,chr2_178550000_178600000,ENSG00000270277,-2.645274149517033,1.2556708271627257e-33
510,chr2_178550000_178600000,ENSG00000279598,-2.645274149517033,1.2556708271627257e-33
511,chr2_178550000_178600000,ENSG00000271011,-2.645274149517033,1.2556708271627257e-33
512,chr2_178550000_178600000,ENSG00000270574,-2.645274149517033,1.2556708271627257e-33
513,chr2_178600000_178650000,TTN-AS1,-0.8764435390918884,2.9961355271900253e-07
514,chr2_178600000_178650000,TTN,-0.8764435390918884,2.9961355271900253e-07
515,chr2_178600000_178650000,ENSG00000271141,-0.8764435390918884,2.9961355271900253e-07
516,chr2_178600000_178650000,ENSG00000271401,-0.8764435390918884,2.9961355271900253e-07
517,chr2_178700000_178750000,TTN-AS1,-0.9863214819452527,4.897439703505927e-13
518,chr2_178700000_178750000,TTN,-0.9863214819452527,4.897439703505927e-13
519,chr2_178700000_178750000,ENSG00000267784,-0.9863214819452527,4.897439703505927e-13
520,chr2_199950000_200000000,C2orf69,-2.2967865004059678,1.5727098827302142e-07
521,chr2_199950000_200000000,TYW5,-2.2967865004059678,1.5727098827302142e-07
522,chr2_199950000_200000000,MAIP1,-2.2967865004059678,1.5727098827302142e-07
523,chr20_29050000_29100000,FRG1DP,1.9135785375778118,5.670544209883975e-08
524,chr20_59200000_59250000,ZNF831,-0.6982752830779496,9.661233275419923e-08
525,chr20_62750000_62800000,NTSR1,-0.9279596427660218,8.199514073176852e-10
526,chr20_62750000_62800000,LINC00659,-0.9279596427660218,8.199514073176852e-10
527,chr20_62750000_62800000,MRGBP,-0.9279596427660218,8.199514073176852e-10
528,chr20_63800000_63850000,ZBTB46,-0.9907388559099188,1.4298482618063323e-08
529,chr20_63800000_63850000,ZBTB46-AS1,-0.9907388559099188,1.4298482618063323e-08
530,chr20_63800000_63850000,C20orf181,-0.9907388559099188,1.4298482618063323e-08
531,chr20_29250000_29300000,5_8S_rRNA,2.1648175443500177,4.153675762642946e-15
532,chr20_29300000_29350000,DUX4L32,1.269627070970462,5.8722603742470474e-08
533,chr20_29300000_29350000,PCMTD1P7,1.269627070970462,5.8722603742470474e-08
534,chr20_29300000_29350000,DUX4L33,1.269627070970462,5.8722603742470474e-08
535,chr20_59300000_59350000,EDN3,-1.2820290230627627,2.1477439112864608e-11
536,chr20_62450000_62500000,GATA5,-1.0352722650922874,2.7718444268723523e-10
537,chr20_62450000_62500000,ENSG00000272050,-1.0352722650922874,2.7718444268723523e-10
538,chr20_63050000_63100000,LINC01749,-0.7710565713458355,6.102624019969766e-08
539,chr20_63050000_63100000,LINC01056,-0.7710565713458355,6.102624019969766e-08
540,chr20_63050000_63100000,HAR1B,-0.7710565713458355,6.102624019969766e-08
541,chr20_63750000_63800000,ZBTB46,-1.3452684545015021,2.933051966780525e-14
542,chr21_42450000_42500000,RSPH1,-0.9987806685661114,3.861727409279471e-11
543,chr21_42450000_42500000,SLC37A1,-0.9987806685661114,3.861727409279471e-11
544,chr21_42450000_42500000,RSPH1-DT,-0.9987806685661114,3.861727409279471e-11
545,chr21_8200000_8250000,ENSG00000278996,1.6763090784887296,1.0339151874482503e-08
546,chr21_8200000_8250000,MIR6724-1,1.6763090784887296,1.0339151874482503e-08
547,chr21_8200000_8250000,ENSG00000275664,1.6763090784887296,1.0339151874482503e-08
548,chr21_8200000_8250000,MIR3648-1,1.6763090784887296,1.0339151874482503e-08
549,chr21_8200000_8250000,ENSG00000277437,1.6763090784887296,1.0339151874482503e-08
550,chr21_8200000_8250000,ENSG00000280800,1.6763090784887296,1.0339151874482503e-08
551,chr21_8200000_8250000,RNA5-8SN2,1.6763090784887296,1.0339151874482503e-08
552,chr21_8200000_8250000,ENSG00000286155,1.6763090784887296,1.0339151874482503e-08
553,chr21_8200000_8250000,ENSG00000286252,1.6763090784887296,1.0339151874482503e-08
554,chr21_8200000_8250000,ENSG00000286057,1.6763090784887296,1.0339151874482503e-08
555,chr21_8200000_8250000,ENSG00000286012,1.6763090784887296,1.0339151874482503e-08
556,chr21_8200000_8250000,MIR6724-2,1.6763090784887296,1.0339151874482503e-08
557,chr21_42650000_42700000,ENSG00000235023,-0.6696328961816547,4.245748458821274e-08
558,chr21_42650000_42700000,PDE9A,-0.6696328961816547,4.245748458821274e-08
559,chr22_17300000_17350000,CECR9,-1.0634678449799826,8.654238631844884e-09
560,chr22_24900000_24950000,SGSM1,-1.2303804725565748,2.3707388825443616e-08
561,chr22_24900000_24950000,ENSG00000199783,-1.2303804725565748,2.3707388825443616e-08
562,chr22_24900000_24950000,LHFPL7,-1.2303804725565748,2.3707388825443616e-08
563,chr22_43250000_43300000,SCUBE1,-1.1263473652031541,5.466696512221276e-07
564,chr22_43250000_43300000,SCUBE1-AS1,-1.1263473652031541,5.466696512221276e-07
565,chr22_43700000_43750000,EFCAB6,-0.9782891015019296,5.960901538944902e-07
566,chr3_32850000_32900000,TRIM71,-1.3211924577619254,4.704957551878647e-08
567,chr3_192400000_192450000,FGF12,-1.093011538380793,5.510143634453063e-07
568,chr3_194350000_194400000,CPN2,-1.5076500773995498,3.123482505650033e-13
569,chr3_194350000_194400000,LRRC15,-1.5076500773995498,3.123482505650033e-13
570,chr3_194350000_194400000,GP5,-1.5076500773995498,3.123482505650033e-13
571,chr3_196300000_196350000,ENSG00000272741,-1.4254944703930201,3.125698728465177e-08
572,chr3_196300000_196350000,DYNLT2B,-1.4254944703930201,3.125698728465177e-08
573,chr3_196300000_196350000,TM4SF19-DYNLT2B,-1.4254944703930201,3.125698728465177e-08
574,chr3_196300000_196350000,TM4SF19-AS1,-1.4254944703930201,3.125698728465177e-08
575,chr3_196300000_196350000,TM4SF19,-1.4254944703930201,3.125698728465177e-08
576,chr3_196300000_196350000,RNU6-910P,-1.4254944703930201,3.125698728465177e-08
577,chr3_196300000_196350000,UBXN7,-1.4254944703930201,3.125698728465177e-08
578,chr3_196600000_196650000,ENSG00000286661,-1.4826424779907026,8.889787087661028e-09
579,chr3_196600000_196650000,LINC01063,-1.4826424779907026,8.889787087661028e-09
580,chr3_196600000_196650000,ENSG00000288990,-1.4826424779907026,8.889787087661028e-09
581,chr3_196600000_196650000,NRROS,-1.4826424779907026,8.889787087661028e-09
582,chr3_196600000_196650000,PIGX,-1.4826424779907026,8.889787087661028e-09
583,chr3_4600000_4650000,ITPR1,-1.5883478634235413,2.0315460329850273e-13
584,chr3_4650000_4700000,ITPR1,-1.8802747652984495,6.145625955818319e-25
585,chr3_49550000_49600000,BSN-DT,-0.9140214113658276,6.159185473123125e-07
586,chr3_49550000_49600000,BSN,-0.9140214113658276,6.159185473123125e-07
587,chr3_196550000_196600000,WDR53,-1.960376511174554,1.6146814945082176e-07
588,chr3_196550000_196600000,FBXO45,-1.960376511174554,1.6146814945082176e-07
589,chr3_196550000_196600000,ENSG00000286661,-1.960376511174554,1.6146814945082176e-07
590,chr3_196650000_196700000,NRROS,-1.2937362945705628,7.781023396977037e-11
591,chr3_196650000_196700000,PIGX,-1.2937362945705628,7.781023396977037e-11
592,chr3_196650000_196700000,ENSG00000290054,-1.2937362945705628,7.781023396977037e-11
593,chr4_7300000_7350000,SORCS2,-1.21505260924443,3.558610605957845e-08
594,chr4_7300000_7350000,MIR4798,-1.21505260924443,3.558610605957845e-08
595,chr4_7450000_7500000,SORCS2,-0.9909156354887777,4.420830684645958e-07
596,chr4_7450000_7500000,MIR4274,-0.9909156354887777,4.420830684645958e-07
597,chr4_8100000_8150000,ABLIM2,-1.0782669062966048,3.208846514953668e-08
598,chr4_186350000_186400000,F11-AS1,-1.8669550964857244,1.0847385022723704e-11
599,chr4_3750000_3800000,LINC02600,-1.332241810847376,4.150580689633159e-07
600,chr4_3750000_3800000,ADRA2C,-1.332241810847376,4.150580689633159e-07
601,chr4_7250000_7300000,SORCS2,-1.5136376733867087,7.771922429670772e-12
602,chr4_7350000_7400000,SORCS2,-0.9719614041268109,3.73677683095125e-07
603,chr4_7500000_7550000,SORCS2,-1.1247796536068169,2.727370457143797e-09
604,chr4_7650000_7700000,SORCS2,-1.2038994438602755,4.694810321845752e-08
605,chr4_8000000_8050000,ABLIM2,-1.5091374197100462,1.4382294462916233e-10
606,chr4_8000000_8050000,MIR95,-1.5091374197100462,1.4382294462916233e-10
607,chr4_8000000_8050000,ENSG00000273267,-1.5091374197100462,1.4382294462916233e-10
608,chr4_8050000_8100000,ABLIM2,-1.1330145013535957,1.7083774561786761e-07
609,chr4_8050000_8100000,ENSG00000251460,-1.1330145013535957,1.7083774561786761e-07
610,chr5_10450000_10500000,ROPN1L,-0.9632619780095438,2.1671844206048571e-13
611,chr5_10450000_10500000,MIR6131,-0.9632619780095438,2.1671844206048571e-13
612,chr5_10450000_10500000,LINC01513,-0.9632619780095438,2.1671844206048571e-13
613,chr5_10450000_10500000,RPL30P7,-0.9632619780095438,2.1671844206048571e-13
614,chr5_10450000_10500000,ENSG00000249166,-0.9632619780095438,2.1671844206048571e-13
615,chr5_10450000_10500000,LINC02212,-0.9632619780095438,2.1671844206048571e-13
616,chr5_1150000_1200000,TERLR1,-0.8909559850090178,6.89384641705132e-08
617,chr5_1700000_1750000,MIR4277,-0.7003545773746332,6.588879825590065e-07
618,chr5_1700000_1750000,ENSG00000260066,-0.7003545773746332,6.588879825590065e-07
619,chr5_1800000_1850000,MRPL36,-1.0680681813875375,2.6902161538437307e-09
620,chr5_1800000_1850000,NDUFS6,-1.0680681813875375,2.6902161538437307e-09
621,chr5_3400000_3450000,LINC01019,-0.8761836173067624,2.2872650183335881e-07
622,chr5_10200000_10250000,ENSG00000272417,-0.9626261509089068,9.450917104143855e-08
623,chr5_10200000_10250000,ATPSCKMT,-0.9626261509089068,9.450917104143855e-08
624,chr5_10200000_10250000,ENSG00000248968,-0.9626261509089068,9.450917104143855e-08
625,chr5_10200000_10250000,CCT5,-0.9626261509089068,9.450917104143855e-08
626,chr5_10600000_10650000,ANKRD33B,-1.027428370251082,1.6143762433684466e-15
627,chr5_10600000_10650000,ANKRD33B-AS1,-1.027428370251082,1.6143762433684466e-15
628,chr5_159250000_159300000,ENSG00000288764,-1.2917022612834066,2.861765591014585e-07
629,chr5_159250000_159300000,UBLCP1,-1.2917022612834066,2.861765591014585e-07
630,chr5_178500000_178550000,COL23A1,-1.1331674028192793,5.2816794330247396e-11
631,chr5_178750000_178800000,AACSP1,-1.129392235528424,5.148408128863041e-07
632,chr5_178750000_178800000,AACSP1,-1.129392235528424,5.148408128863041e-07
633,chr5_180600000_180650000,FLT4,-1.0349621429113505,6.365422437629842e-08
634,chr5_150000_200000,PLEKHG4B,-1.4148290591002406,1.421031907836188e-09
635,chr5_150000_200000,LRRC14B,-1.4148290591002406,1.421031907836188e-09
636,chr5_150000_200000,ENSG00000261434,-1.4148290591002406,1.421031907836188e-09
637,chr5_150000_200000,CCDC127,-1.4148290591002406,1.421031907836188e-09
638,chr5_1200000_1250000,SLC6A19,-0.8982061615138792,7.10069229065079e-13
639,chr5_1200000_1250000,SLC6A18,-0.8982061615138792,7.10069229065079e-13
640,chr5_1250000_1300000,ENSG00000287486,-1.0134449155027485,5.200511679705892e-10
641,chr5_1250000_1300000,TERT,-1.0134449155027485,5.200511679705892e-10
642,chr5_1750000_1800000,MRPL36,-0.9751348700294857,1.5756496775833285e-08
643,chr5_1850000_1900000,ENSG00000249966,-0.9949248778600208,4.250496468818992e-12
644,chr5_1850000_1900000,LINC02116,-0.9949248778600208,4.250496468818992e-12
645,chr5_1850000_1900000,ENSG00000279222,-0.9949248778600208,4.250496468818992e-12
646,chr5_1850000_1900000,IRX4,-0.9949248778600208,4.250496468818992e-12
647,chr5_1850000_1900000,IRX4-AS1,-0.9949248778600208,4.250496468818992e-12
648,chr5_1850000_1900000,CTD-2194D22.4,-0.9949248778600208,4.250496468818992e-12
649,chr5_3350000_3400000,LINC01019,-0.950156319931499,3.3392736279067254e-12
650,chr5_3450000_3500000,LINC01019,-1.7480415311317827,2.1822435196764272e-23
651,chr5_3450000_3500000,LINC02162,-1.7480415311317827,2.1822435196764272e-23
652,chr5_3450000_3500000,LINC01017,-1.7480415311317827,2.1822435196764272e-23
653,chr5_3550000_3600000,IRX1,-0.8986484508676545,1.4186849244684684e-08
654,chr5_3550000_3600000,ENSG00000259603,-0.8986484508676545,1.4186849244684684e-08
655,chr5_3600000_3650000,IRX1,-1.4055801704415907,4.688118369205374e-15
656,chr5_3600000_3650000,ENSG00000259603,-1.4055801704415907,4.688118369205374e-15
657,chr5_4000000_4050000,ENSG00000248962,-1.14286135892755,8.26343163569284e-09
658,chr5_4000000_4050000,ENSG00000249994,-1.14286135892755,8.26343163569284e-09
659,chr5_4100000_4150000,LINC02063,-1.4391458053841955,3.3362054810763417e-13
660,chr5_6350000_6400000,MED10,-0.6431748724065904,5.07230275093376e-07
661,chr5_6350000_6400000,ENSG00000287031,-0.6431748724065904,5.07230275093376e-07
662,chr5_10500000_10550000,LINC02212,-0.7346204633721888,1.5726269396393586e-08
663,chr5_10500000_10550000,LINC02213,-0.7346204633721888,1.5726269396393586e-08
664,chr5_10500000_10550000,ENSG00000280017,-0.7346204633721888,1.5726269396393586e-08
665,chr5_10550000_10600000,ENSG00000279450,-1.0988908844037966,2.491199712316882e-14
666,chr5_10550000_10600000,ANKRD33B,-1.0988908844037966,2.491199712316882e-14
667,chr5_11350000_11400000,CTNND2,-0.8110549995425166,3.5513502492758085e-08
668,chr5_13900000_13950000,DNAH5,-1.0939082370324174,1.2236920025930169e-11
669,chr5_13900000_13950000,ENSG00000251423,-1.0939082370324174,1.2236920025930169e-11
670,chr5_178450000_178500000,COL23A1,-0.9489841729446928,3.239942032333147e-07
671,chr5_178700000_178750000,ENSG00000285978,-1.3767111783523283,4.4217785612007966e-08
672,chr5_178700000_178750000,ZNF354A,-1.3767111783523283,4.4217785612007966e-08
673,chr5_178800000_178850000,AACSP1,-1.4490175134075576,1.0751682988821795e-14
674,chr5_178800000_178850000,ENSG00000274813,-1.4490175134075576,1.0751682988821795e-14
675,chr5_178800000_178850000,ENSG00000253725,-1.4490175134075576,1.0751682988821795e-14
676,chr5_178800000_178850000,ENSG00000278441,-1.4490175134075576,1.0751682988821795e-14
677,chr5_178950000_179000000,ZNF454,-1.5138253178644334,1.0639603819458617e-07
678,chr5_178950000_179000000,ENSG00000254035,-1.5138253178644334,1.0639603819458617e-07
679,chr5_178950000_179000000,GRM6,-1.5138253178644334,1.0639603819458617e-07
680,chr5_178950000_179000000,ENSG00000254158,-1.5138253178644334,1.0639603819458617e-07
681,chr6_350000_400000,DUSP22,-0.7740641710450907,9.035248194960347e-08
682,chr6_350000_400000,IRF4,-0.7740641710450907,9.035248194960347e-08
683,chr6_750000_800000,ENSG00000271727,-0.90739919798402,6.1096009494352995e-09
684,chr6_750000_800000,ENSG00000287293,-0.90739919798402,6.1096009494352995e-09
685,chr6_750000_800000,ENSG00000271911,-0.90739919798402,6.1096009494352995e-09
686,chr6_750000_800000,ENSG00000272485,-0.90739919798402,6.1096009494352995e-09
687,chr6_3250000_3300000,PSMG4,-1.138992197817109,5.412002921460425e-07
688,chr6_3250000_3300000,SLC22A23,-1.138992197817109,5.412002921460425e-07
689,chr6_13200000_13250000,PHACTR1,-1.1177553643865137,2.747854725044132e-12
690,chr6_13200000_13250000,RNU1-11P,-1.1177553643865137,2.747854725044132e-12
691,chr6_27500000_27550000,ENSG00000285703,-0.8620568710259973,2.181761405531986e-08
692,chr6_27500000_27550000,ENSG00000278332,-0.8620568710259973,2.181761405531986e-08
693,chr6_27500000_27550000,ENSG00000270666,-0.8620568710259973,2.181761405531986e-08
694,chr6_27500000_27550000,HNRNPA1P1,-0.8620568710259973,2.181761405531986e-08
695,chr6_27650000_27700000,RPL8P1,-1.0664547883348594,1.65403722541075e-08
696,chr6_27650000_27700000,ENSG00000287674,-1.0664547883348594,1.65403722541075e-08
697,chr6_27650000_27700000,LINC01012,-1.0664547883348594,1.65403722541075e-08
698,chr6_3300000_3350000,PSMG4,-1.6605004609390164,1.580776386230639e-23
699,chr6_3300000_3350000,SLC22A23,-1.6605004609390164,1.580776386230639e-23
700,chr6_3300000_3350000,ENSG00000272320,-1.6605004609390164,1.580776386230639e-23
701,chr6_3350000_3400000,SLC22A23,-1.1891878913948954,1.3703188227328968e-08
702,chr6_3450000_3500000,SLC22A23,-0.9852312505002583,7.093809657103293e-09
703,chr6_12500000_12550000,RPL15P3,-1.0548297383775695,3.7262218622046806e-07
704,chr6_50800000_50850000,TFAP2B,1.446436518318839,6.139628695541255e-07
705,chr7_23300000_23350000,MALSU1,-1.7865523770581608,1.2974876233225322e-07
706,chr7_23300000_23350000,IGF2BP3,-1.7865523770581608,1.2974876233225322e-07
707,chr7_23450000_23500000,IGF2BP3,-2.174719664984507,5.0578356418616873e-23
708,chr7_23450000_23500000,RNU7-143P,-2.174719664984507,5.0578356418616873e-23
709,chr7_23450000_23500000,ENSG00000289109,-2.174719664984507,5.0578356418616873e-23
710,chr7_23450000_23500000,ENSG00000236654,-2.174719664984507,5.0578356418616873e-23
711,chr7_23450000_23500000,RPS2P32,-2.174719664984507,5.0578356418616873e-23
712,chr7_23450000_23500000,Y_RNA,-2.174719664984507,5.0578356418616873e-23
713,chr7_150850000_150900000,AOC1,-1.625301230716152,1.4849138264708558e-11
714,chr7_150850000_150900000,ENSG00000289052,-1.625301230716152,1.4849138264708558e-11
715,chr7_23400000_23450000,IGF2BP3,-2.6538326526465204,3.46717623512587e-19
716,chr7_29800000_29850000,WIPF3,-1.3264816397400228,1.3298545081056862e-10
717,chr7_150750000_150800000,GIMAP5,-1.362365880533044,5.2584579808404014e-11
718,chr7_150750000_150800000,BET1P1,-1.362365880533044,5.2584579808404014e-11
719,chr7_150750000_150800000,ENSG00000289470,-1.362365880533044,5.2584579808404014e-11
720,chr7_150750000_150800000,TMEM176B,-1.362365880533044,5.2584579808404014e-11
721,chr7_150800000_150850000,TMEM176B,-1.9955398689024129,2.227238114227304e-19
722,chr7_150800000_150850000,TMEM176A,-1.9955398689024129,2.227238114227304e-19
723,chr7_150800000_150850000,AOC1,-1.9955398689024129,2.227238114227304e-19
724,chr7_157550000_157600000,PTPRN2,-1.0565737016304744,2.7485720933108246e-10
725,chr7_157550000_157600000,MIR153-2,-1.0565737016304744,2.7485720933108246e-10
726,chr8_141550000_141600000,ENSG00000287677,-1.2028236862174355,4.213277707437033e-13
727,chr8_17650000_17700000,MTUS1,-2.563393424496269,1.6519164996792232e-15
728,chr8_17650000_17700000,MIR548V,-2.563393424496269,1.6519164996792232e-15
729,chr8_52150000_52200000,ST18,-0.9290682757531987,3.2597752993231386e-09
730,chr8_52150000_52200000,ENSG00000254314,-0.9290682757531987,3.2597752993231386e-09
731,chr8_52150000_52200000,ENSG00000253551,-0.9290682757531987,3.2597752993231386e-09
732,chr8_141650000_141700000,ENSG00000287677,-1.0798345799080393,5.022586963610077e-09
733,chr8_142050000_142100000,ENSG00000261710,-1.0480010479979105,1.0300166248605126e-08
734,chr8_142450000_142500000,ADGRB1,-0.8075753044968822,3.344532029276464e-08
735,chr8_600000_650000,ERICH1,-1.186415666416454,7.454234436576639e-08
736,chr8_13000000_13050000,TRMT9B,-1.6588406680644572,7.499104127103437e-10
737,chr8_13000000_13050000,RNU6-842P,-1.6588406680644572,7.499104127103437e-10
738,chr8_13150000_13200000,DLC1,-2.0227115504445807,9.121223412028108e-17
739,chr8_13150000_13200000,ENSG00000287134,-2.0227115504445807,9.121223412028108e-17
740,chr8_13150000_13200000,Y_RNA,-2.0227115504445807,9.121223412028108e-17
741,chr8_36750000_36800000,ENSG00000253363,-1.2717269245820941,4.313449663608985e-08
742,chr8_36750000_36800000,RNA5SP264,-1.2717269245820941,4.313449663608985e-08
743,chr8_36750000_36800000,KCNU1,-1.2717269245820941,4.313449663608985e-08
744,chr8_36750000_36800000,ENSG00000274489,-1.2717269245820941,4.313449663608985e-08
745,chr8_52350000_52400000,ST18,-0.970582685329529,4.687453591274153e-08
746,chr8_141600000_141650000,ENSG00000287677,-1.4637272716572747,1.2190193131759268e-15
747,chr8_142100000_142150000,ENSG00000287332,-1.143249316700801,5.236289365977993e-11
748,chr8_142150000_142200000,ENSG00000287332,-1.732828398049947,7.529109318696434e-24
749,chr8_142150000_142200000,MIR4472-1,-1.732828398049947,7.529109318696434e-24
750,chr8_142150000_142200000,ENSG00000289338,-1.732828398049947,7.529109318696434e-24
751,chr8_142150000_142200000,LINC00051,-1.732828398049947,7.529109318696434e-24
752,chr9_76000000_76050000,PCSK5,1.7518028729165909,5.632057112451252e-07
753,chr9_135350000_135400000,ENSG00000235572,-0.7782146082410976,6.695722737611925e-11
754,chr9_135650000_135700000,LCN9,-0.7503450750717607,9.317013948815234e-10
755,chr9_135650000_135700000,SOHLH1,-0.7503450750717607,9.317013948815234e-10
756,chr9_16200000_16250000,LINC03041,-1.4873291912207018,8.203786490583324e-10
757,chr9_21550000_21600000,MIR31HG,2.575014736365748,1.0359489435856375e-12
758,chr9_36050000_36100000,RECK,1.4446214119737844,1.0176619533666176e-09
759,chr9_36050000_36100000,ENSG00000276730,1.4446214119737844,1.0176619533666176e-09
760,chr9_41200000_41250000,FRG1HP,2.341550810759435,9.38181490333288e-08
761,chr9_41200000_41250000,MIR4477A,2.341550810759435,9.38181490333288e-08
762,chr9_41200000_41250000,RNA5SP530,2.341550810759435,9.38181490333288e-08
763,chr9_69500000_69550000,APBA1,1.7791333544847503,1.1677632695610369e-07
764,chr9_135300000_135350000,LINC02907,-0.7017334927056318,2.6069444555753652e-08
765,chr9_135700000_135750000,SOHLH1,-0.7308783728688818,7.102786711585354e-08
766,chr9_135700000_135750000,KCNT1,-0.7308783728688818,7.102786711585354e-08
767,chr9_138150000_138200000,ENSG00000290588,-1.7545223177516727,9.560124836171987e-08
768,chr9_138150000_138200000,TUBBP5,-1.7545223177516727,9.560124836171987e-08
769,chr9_138150000_138200000,ENSG00000278130,-1.7545223177516727,9.560124836171987e-08
770,chr9_138150000_138200000,ENSG00000237419,-1.7545223177516727,9.560124836171987e-08
771,chrX_9800000_9850000,SHROOM2,-2.206480251630524,1.6633865861911735e-13
772,chrX_9800000_9850000,EIF5P1,-2.206480251630524,1.6633865861911735e-13
773,chrX_8550000_8600000,ANOS1,-1.462804216772745,3.460926422233165e-07
774,chrX_9850000_9900000,SHROOM2,-1.4777015865922043,1.7134170165796725e-08
775,chrX_9850000_9900000,HMGN1P33,-1.4777015865922043,1.7134170165796725e-08
776,chrX_9850000_9900000,Y_RNA,-1.4777015865922043,1.7134170165796725e-08
777,chrX_9900000_9950000,SHROOM2,-1.9214856980002564,1.595855099290346e-12
